{"Alternaria": [-0.36006277799606323, 0.16869468986988068, 0.8329272866249084, 0.6341546773910522, 0.7479618191719055, -0.9164388179779053, 0.7937481999397278, 0.4132145643234253, 0.05175203084945679, -0.17576582729816437, -0.5348595380783081, 0.794044554233551, 0.5472602248191833, -0.8185465335845947, -0.8512359857559204, -0.4928172826766968, 0.08351296186447144, -0.7128071188926697, -0.7485531568527222, -0.5470611453056335, 0.8305734395980835, 0.45312464237213135, 0.13700218498706818, -0.1523185670375824, 0.18404489755630493, 0.14499908685684204, -0.6760806441307068, -0.26410454511642456, -0.8591651916503906, 0.28713953495025635, 0.8309064507484436, -0.9934021830558777, -0.2205994725227356, 0.5992638468742371, -0.5073785185813904, -0.24874421954154968, 0.1962163746356964, 0.36226093769073486, 0.7218546867370605, -0.7791963815689087, 0.5423243045806885, 0.7215172648429871, 0.7114856839179993], "Anthracnose": [-0.1637040376663208, 0.2272636592388153, -1.8383419513702393, -1.5200896263122559, -1.6916780471801758, 1.669510841369629, -1.71603262424469, -1.3990707397460938, -0.9894094467163086, -0.6101866364479065, 1.8822705745697021, -1.1985946893692017, -0.7910350561141968, 0.6940733790397644, 0.6231513023376465, -0.6762465834617615, -0.9388467073440552, -0.06799659132957458, -0.3852691650390625, -0.3775815963745117, 0.5647215843200684, -0.018216481432318687, 0.4474545121192932, 1.7793389558792114, 1.2679870128631592, 1.2997934818267822, 1.2981785535812378, -0.3228096663951874, 1.2146140336990356, -1.0100734233856201, -1.210331916809082, 0.2276797592639923, 1.57514488697052, 1.1487959623336792, 1.6469006538391113, 1.5628656148910522, 1.8474161624908447, -1.7826759815216064, -1.7731945514678955, 1.8693684339523315, -1.8674875497817993, -1.7970856428146362, -1.8045754432678223], "Black Mold Rot": [-0.39931944012641907, -0.5585887432098389, 0.7796847224235535, -0.23489351570606232, 0.6831989884376526, -0.958168625831604, 0.7255994081497192, 0.5068058967590332, -0.06335994601249695, -0.8651832342147827, -1.0619546175003052, 0.7954438924789429, 1.603582739830017, -0.871347963809967, -0.9953371286392212, -0.43966010212898254, -0.5723795294761658, -0.5315534472465515, 0.14256736636161804, -0.00421237712725997, 0.5910512208938599, 0.3795431852340698, -0.5685466527938843, -0.7779068350791931, -0.9788182377815247, -1.2024043798446655, -1.0654722452163696, -0.9655025601387024, -1.1265544891357422, 0.22048909962177277, 1.1054099798202515, -0.9975623488426208, -0.3449915945529938, -0.20570999383926392, -0.4791828393936157, -0.43273937702178955, -0.704667866230011, 0.728204607963562, 0.6197477579116821, -0.05885683745145798, -0.15395018458366394, 0.577467143535614, 0.5420825481414795], "Healthy": [1.9206619262695312, 1.5970076322555542, -0.27011406421661377, 1.455923080444336, 0.8644529581069946, 0.5682487487792969, 0.761425793170929, 1.3576167821884155, 1.8259063959121704, 1.94026780128479, -0.10742481797933578, -1.249897837638855, -1.217841386795044, 1.6365866661071777, 1.648051381111145, 1.9902212619781494, 1.889609932899475, 1.9491583108901978, 1.870330572128296, 1.9008733034133911, -0.07963336259126663, 1.0622347593307495, 1.484968900680542, 0.2254878580570221, 0.8330392837524414, 0.8312659859657288, 1.1228324174880981, 1.9357014894485474, 1.1666165590286255, 1.6154917478561401, -1.1873809099197388, 1.7217605113983154, -1.464369535446167, -1.7932837009429932, -1.2197327613830566, -1.42046058177948, -0.9483927488327026, -0.332486629486084, -0.43898770213127136, -0.08960331976413727, 0.5150737166404724, -0.3803838789463043, -0.35363784432411194], "Stem end Rot": [-0.9975757002830505, -1.4343774318695068, 0.4958440065383911, -0.3350945711135864, -0.6039358377456665, -0.3631521165370941, -0.5647408366203308, -0.878566563129425, -0.8248890042304993, -0.28913211822509766, -0.1780315488576889, 0.8590041995048523, -0.1419665515422821, -0.6407655477523804, -0.42462971806526184, -0.3814972937107086, -0.4618966579437256, -0.63680100440979, -0.8790756464004517, -0.9720181822776794, -1.9067128896713257, -1.8766860961914062, -1.5008788108825684, -1.074601411819458, -1.3062530755996704, -1.073654055595398, -0.6794582009315491, -0.38328471779823303, -0.39551088213920593, -1.1130468845367432, 0.4613964855670929, 0.041524168103933334, 0.4548157751560211, 0.25093385577201843, 0.5593934655189514, 0.5390785932540894, -0.3905719816684723, 1.0246970653533936, 0.8705798387527466, -0.941711962223053, 0.9640398025512695, 0.8784849643707275, 0.9046450257301331]}