{"Anthracnose": [0.5227633714675903, -0.4190666675567627, 1.7003300189971924, 0.9314956068992615, -0.669166088104248, -1.144356369972229, -0.5774580836296082, -0.5341824293136597, -0.9791616201400757, -0.6581520438194275, 1.3035978078842163, -0.5342938899993896, -0.6598618030548096, -0.6522742509841919, -0.4301051199436188, -1.1882493495941162, -1.058875322341919, 0.4188534915447235, 0.8633247017860413, 1.97816002368927, 1.252200961112976, 0.3241138756275177, -0.497616708278656, -1.0278807878494263, -1.0603420734405518, -1.2062042951583862, -0.8758345246315002, -0.9463712573051453, -1.03976571559906, -0.5566105246543884, 1.0596758127212524, -0.6652141213417053, -0.7202766537666321, -0.8284680843353271, -0.6437483429908752, -0.7795066237449646, -0.9155521988868713, -1.194239616394043, -1.8239701986312866, -0.5077152848243713, -0.24270150065422058, -1.8968331813812256, -0.4551047682762146], "Die Back": [1.3746784925460815, -1.7158149480819702, 0.3706251084804535, -1.7007540464401245, -0.08438675105571747, -1.220308780670166, -1.3431060314178467, -1.06322181224823, 1.0934921503067017, -1.5677423477172852, 0.006947155110538006, -0.6854130029678345, -0.9323893785476685, -0.6448492407798767, -0.8855600357055664, 0.5577536225318909, 1.6125777959823608, -0.5569466948509216, 1.4935507774353027, -0.7146852016448975, 1.1759637594223022, 1.3921582698822021, -1.4113918542861938, -0.6902274489402771, -0.7783565521240234, -0.6945434808731079, -0.6854488253593445, -0.6507043242454529, -1.3722842931747437, -1.2296525239944458, 1.3528404235839844, -0.6789370775222778, -1.1540277004241943, -1.3456900119781494, -1.044684648513794, -1.1234220266342163, -1.4456367492675781, -0.7591552138328552, -0.15301081538200378, -0.9435840845108032, 1.3939578533172607, 0.25815603137016296, -1.3813642263412476], "Healthy": [-0.17263537645339966, 1.0580531358718872, -0.09063393622636795, 0.9805833697319031, 1.847785472869873, 0.6482685804367065, 1.470896601676941, 1.7211520671844482, 1.3224042654037476, 1.1831364631652832, 0.47511571645736694, 1.8998841047286987, -0.5590223073959351, -1.0600494146347046, 1.9483957290649414, 1.6579649448394775, 0.508551299571991, -0.8073627352714539, -0.8050838112831116, -0.42257195711135864, -0.7634827494621277, -0.4817982316017151, -0.2805778682231903, -0.6966145634651184, 0.3581560552120209, 1.255555272102356, 1.7195956707000732, 1.7389582395553589, 0.8954816460609436, 1.6891367435455322, -0.8993815183639526, 1.6393802165985107, -0.44854116439819336, -0.05761507526040077, -0.7358028888702393, -0.4503649175167084, 1.0540999174118042, -0.39432913064956665, 0.8726567029953003, -0.750077486038208, 0.7561489939689636, 0.5177643299102783, 0.0744376927614212], "Powdery Mildew": [-0.05009292811155319, 0.23749367892742157, -1.0252604484558105, -0.463348388671875, -1.0629222393035889, 1.2506482601165771, -0.3219618499279022, -0.6160342693328857, -0.8981741666793823, 0.23368501663208008, -1.7532249689102173, -0.7894541025161743, 0.3446313440799713, 0.8202078342437744, -0.1852681189775467, -0.5018978118896484, -0.05386406555771828, -0.8340991735458374, -0.48281946778297424, -0.27215757966041565, -0.6315759420394897, 0.3734075427055359, 1.4719419479370117, 1.025245189666748, -0.2710537314414978, -0.4768175482749939, -0.7090502381324768, -0.6396786570549011, 0.9630351066589355, -0.3515866696834564, -0.9724775552749634, 0.6786381602287292, 0.8075677156448364, 1.0486781597137451, 1.127393364906311, 0.8951607942581177, 0.8843379020690918, 0.9664065837860107, 0.1790502369403839, 0.4425743818283081, -0.40274056792259216, 0.09190743416547775, 0.06652367860078812], "Sooty Mold": [-1.6747136116027832, 0.8393346667289734, -0.9550607204437256, 0.25202345848083496, -0.03131043165922165, 0.46574848890304565, 0.7716295123100281, 0.4922863841056824, -0.538560688495636, 0.8090729117393494, -0.03243580088019371, 0.10927676409482956, 1.8066421747207642, 1.536965250968933, -0.44746243953704834, -0.5255714058876038, -1.0083897113800049, 1.779555082321167, -1.0689723491668701, -0.5687453150749207, -1.0331059694290161, -1.6078815460205078, 0.717644453048706, 1.3894774913787842, 1.7515963315963745, 1.1220099925994873, 0.5507377982139587, 0.4977961480617523, 0.5535333156585693, 0.4487130641937256, -0.5406571626663208, -0.9738672375679016, 1.5152778625488281, 1.18309485912323, 1.2968424558639526, 1.4581327438354492, 0.42275112867355347, 1.3813174962997437, 0.9252740144729614, 1.7588024139404297, -1.5046647787094116, 1.0290054082870483, 1.6955076456069946]}